Crop,Precipitation (mm day),Specific Humidity at 2 Meters (g/kg),Relative Humidity at 2 Meters (%),Temperature at 2 Meters (C),Yield
Cotton,152.19,14.51,47.64,30.85,1.213
Barley,94.25,7.07,45.54,8.54,1.495
Cotton,71.17,17.38,62.01,29.6,1.443
Cotton,120.9,12.04,43.61,29.4,2.669
Soybean,82.54,13.51,69.4,22.06,2.199
Barley,49.6,8.0,51.01,17.82,2.495
Sugarcane,164.83,16.79,77.25,32.61,53.999
Sugarcane,201.57,14.69,84.92,27.11,63.872
Soybean,142.06,11.7,63.2,19.52,3.21
Maize,95.67,13.78,56.39,23.78,5.51
Sugarcane,217.22,19.14,62.81,26.17,81.574
Cotton,135.53,16.17,48.64,29.53,1.88
Barley,70.53,7.62,48.72,19.59,2.956
Wheat,93.86,8.39,55.69,12.39,1.506
Sugarcane,258.48,16.6,70.3,22.43,48.889
Maize,157.03,13.43,66.59,19.67,4.023
Wheat,93.66,9.5,54.55,20.52,2.909
Rice,241.09,16.58,76.26,29.07,3.947
Maize,130.0,13.74,60.06,23.88,5.284
Rice,160.66,21.04,65.1,22.96,3.698
Barley,50.69,5.47,38.91,18.47,2.318
Rice,261.65,17.95,84.34,21.57,4.698
Cotton,98.28,17.07,35.7,31.77,1.311
Maize,140.48,10.73,60.87,19.49,2.695
Wheat,62.7,10.06,49.86,18.44,2.922
Barley,56.16,10.9,46.68,8.61,1.757
Rice,174.18,16.73,72.58,21.21,3.831
Maize,132.04,11.51,52.69,25.36,6.267
Wheat,47.2,6.76,59.48,19.43,3.018
Wheat,44.04,8.35,40.86,13.07,3.146
Cotton,174.01,17.7,52.2,29.58,1.352
Soybean,105.45,12.43,57.03,22.93,2.234
Cotton,150.99,16.18,39.62,31.79,1.082
Maize,147.98,10.36,62.3,19.68,3.084
Rice,234.02,20.97,73.38,22.09,4.718
Cotton,77.99,13.38,56.67,30.64,1.636
Cotton,98.75,16.77,43.12,27.27,1.2
Cotton,120.32,12.31,43.36,32.9,1.28
Rice,196.88,21.26,88.6,21.79,3.658
Rice,152.14,19.36,78.18,28.63,4.261
Wheat,67.15,10.82,57.54,12.85,1.787
Soybean,86.71,11.85,51.32,25.51,1.573
Rice,169.4,16.91,70.63,23.01,4.737
Wheat,89.38,8.57,46.06,19.09,3.544
Soybean,95.25,13.57,54.02,26.4,2.945
Sugarcane,205.39,15.89,62.17,24.68,57.18
Soybean,105.62,15.06,60.13,29.18,1.631
Soybean,143.97,14.79,63.57,19.55,2.381
Wheat,102.03,11.61,57.91,18.9,3.011
Sugarcane,221.23,14.69,77.37,27.3,86.782
Maize,103.92,15.26,67.63,23.92,4.189
Rice,212.48,16.41,65.65,21.62,5.322
Soybean,93.27,12.32,61.61,23.2,2.989
Rice,186.05,19.67,75.28,30.08,4.787
Sugarcane,245.62,18.8,71.43,29.28,62.698
Sugarcane,168.38,16.86,61.11,33.65,62.942
Cotton,104.91,14.22,59.38,33.37,2.065
Maize,85.2,10.32,62.94,23.71,5.645
Rice,227.86,18.39,72.57,20.79,3.271
Maize,118.63,15.11,68.94,24.79,5.431
Rice,234.44,17.71,68.35,27.55,3.217
Rice,258.14,21.48,80.31,30.48,4.536
Sugarcane,232.53,17.43,61.67,23.4,66.379
Wheat,84.26,7.19,45.46,20.51,2.014
Wheat,102.86,6.5,44.83,11.4,1.318
Rice,293.15,19.13,80.59,21.07,4.249
Cotton,90.03,15.3,56.44,29.92,1.332
Barley,60.16,8.88,31.12,8.76,2.144
Soybean,181.61,15.99,60.09,22.0,2.17
Barley,98.45,8.19,52.63,9.16,1.238
Wheat,108.68,9.9,55.11,20.01,2.418
Soybean,181.44,15.36,74.52,19.87,1.904
Barley,93.32,8.11,41.39,8.43,1.916
Maize,108.62,10.45,47.65,28.05,3.356
Soybean,139.16,11.49,54.9,29.33,3.558
Sugarcane,206.1,16.83,74.34,33.13,71.927
Sugarcane,147.95,19.4,83.18,26.83,90.454
Barley,38.15,6.26,44.15,16.62,1.367
Rice,203.02,20.64,84.32,26.26,6.03
Barley,50.21,5.3,36.71,17.16,2.341
Rice,153.06,21.78,83.17,23.66,14.377673155411967
Soybean,180.12,14.46,66.16,23.5,2.648
Cotton,82.88,12.22,49.16,28.78,1.084
Wheat,40.63,9.54,50.33,18.93,1.794
Wheat,56.13,6.01,53.23,23.54,1.964
Barley,95.85,8.12,39.12,20.23,1.627
Cotton,167.42,15.07,50.96,23.29,1.202
Maize,106.97,12.94,55.39,18.29,3.792
Cotton,144.3,15.36,35.29,25.92,1.669
Sugarcane,147.63,17.12,71.26,22.14,59.828
Rice,175.31,17.83,86.92,31.96,2.701
Wheat,59.42,7.69,59.08,10.14,2.834
Cotton,125.94,14.65,61.63,26.21,1.286
Maize,151.89,14.3,59.55,27.57,3.975
Soybean,122.6,13.89,62.58,21.79,3.209
Cotton,162.68,16.98,46.92,30.02,1.096
Sugarcane,217.3,18.28,77.2,25.83,139.55331742676853
Rice,240.26,19.57,65.25,25.57,6.921
Barley,96.99,8.85,37.45,9.77,2.508
Barley,67.06,8.47,34.73,20.61,2.471
Sugarcane,257.19,18.23,62.13,29.8,63.375
Maize,82.43,15.15,57.5,26.1,3.597
Wheat,56.2,9.01,53.29,23.41,1.94
Barley,37.85,9.32,41.11,11.59,1.514
Cotton,143.27,15.26,42.55,26.15,1.266
Barley,47.26,8.05,43.21,19.35,2.276
Rice,154.33,19.87,80.92,24.09,2.323
Rice,168.36,18.03,85.06,26.86,3.965
Cotton,159.1,12.77,45.05,30.92,1.126
Wheat,68.17,11.31,57.39,22.73,2.078
Soybean,160.92,16.88,74.64,26.24,2.172
Wheat,68.32,6.41,54.59,14.0,2.562
Wheat,94.83,7.6,59.76,10.36,2.689
Rice,209.9,21.05,76.78,31.75,4.11
Maize,118.18,13.81,49.91,20.54,3.301
Barley,74.75,9.18,38.56,9.51,1.584
Soybean,128.69,11.25,58.68,21.18,2.844
Barley,98.25,10.88,36.71,8.57,2.123
Maize,81.11,11.24,45.02,18.47,5.16
Wheat,79.35,11.68,47.41,15.33,2.328
Rice,200.67,16.63,84.55,27.73,2.842
Barley,80.08,5.24,50.99,14.27,2.827
Rice,237.94,18.64,68.69,23.94,4.404
Sugarcane,253.44,17.29,64.93,25.81,49.202
Cotton,139.2,16.9,51.66,28.36,1.489
Wheat,50.09,9.74,41.84,16.83,1.582
Soybean,97.53,15.94,55.88,25.83,2.042
Maize,132.25,13.97,45.96,22.42,6.351
Maize,142.22,12.05,56.1,26.11,4.27
Soybean,168.74,13.56,58.34,21.8,3.025
Barley,251.579335691828,9.5,54.12,9.03,1.792
Barley,51.07,9.49,36.55,20.34,2.7
Soybean,121.09,14.28,52.28,27.08,2.912
Rice,213.67,17.0,75.76,21.71,4.744
Rice,273.42,20.91,70.34,26.07,5.34
Wheat,40.37,10.83,54.32,17.68,1.834
Rice,212.52,16.35,67.79,26.19,3.418
Soybean,196.08,12.61,62.37,19.03,1.903
Soybean,126.38,13.52,64.05,18.07,1.717
Cotton,170.5,15.7,58.9,27.78,1.123
Sugarcane,172.74,15.33,72.8,28.59,75.438
Cotton,155.8,15.9,56.06,31.55,1.829
Soybean,98.81,15.1,64.84,27.06,2.115
Soybean,110.68,13.19,71.09,20.34,3.297
Wheat,89.98,6.55,39.98,22.28,2.753
Maize,131.55,10.15,62.25,21.79,3.32
Maize,157.24,12.27,46.55,22.07,3.672
Cotton,155.43,13.21,39.91,23.97,1.843
Rice,273.75,18.98,75.92,28.75,4.789
Soybean,120.5,11.11,60.01,24.6,3.221
Sugarcane,171.19,15.93,75.26,33.27,72.885
Rice,288.21,20.31,88.89,20.22,2.561
Sugarcane,121.04,19.92,67.72,23.56,42.03
Barley,91.64,10.99,45.19,13.67,1.738
Soybean,173.93,16.62,67.3,19.87,1.856
Cotton,130.04,12.47,64.23,33.83,1.592
Rice,214.93,17.23,68.03,27.38,5.594
Sugarcane,235.98,17.64,75.67,29.66,68.057
Maize,122.06,14.16,62.52,27.04,6.226
Barley,51.68,8.56,53.4,17.49,2.011
Maize,153.96,15.54,57.56,21.93,4.731
Sugarcane,262.4,19.25,80.04,33.32,40.162
Cotton,72.95,12.19,54.09,25.77,1.499
Wheat,42.11,11.77,51.7,23.06,1.527
Maize,106.0,10.34,59.58,28.61,3.679
Maize,124.39,12.77,65.72,27.95,5.87
Rice,217.8,19.48,78.34,27.29,4.868
Rice,319.44,20.88,80.38,23.68,3.515
Maize,138.06,12.73,55.31,29.22,3.31
Soybean,102.43,11.4,74.96,18.3,2.568
Sugarcane,223.65,18.75,74.58,32.91,68.236
Soybean,91.9,14.74,61.17,27.34,1.746
Barley,56.78,6.24,39.44,12.43,2.751
Wheat,90.03,6.41,45.44,11.63,2.689
Maize,97.93,13.02,64.91,26.87,5.102
Maize,150.2,12.76,62.74,29.8,2.42
Rice,162.44,19.62,81.71,27.43,3.433
Rice,169.14,20.22,78.52,21.16,2.601
Maize,99.36,14.54,54.84,25.3,4.412
Soybean,96.29,16.86,74.11,19.96,1.89
Barley,63.57,5.4,41.62,19.49,2.699
Rice,180.8,20.09,69.54,26.3,4.694
Maize,87.67,10.14,66.54,24.93,6.344
Soybean,165.63,12.25,64.22,28.41,2.334
Cotton,104.95,15.76,50.09,32.28,1.789
Soybean,160.49,12.62,56.94,29.2,3.068
Barley,60.85,7.02,35.86,14.73,2.786
Maize,94.48,11.31,61.55,25.6,5.325
Rice,308.26,20.14,81.91,22.59,3.825
Cotton,157.21,17.2,62.4,28.14,1.645
Wheat,59.45,7.66,45.8,23.73,1.407
Sugarcane,132.82,19.65,78.88,24.5,54.408
Soybean,178.34,12.96,58.74,25.16,2.044
Maize,136.11,10.14,59.62,29.3,2.893
Cotton,99.3,12.72,61.72,29.12,1.96
Soybean,124.08,14.16,70.22,22.34,2.688
Barley,81.82,10.51,40.2,10.68,2.215
Cotton,163.86,16.9,42.74,24.05,1.589
Soybean,151.22,12.26,52.91,29.64,1.65
Soybean,90.76,13.02,52.24,29.54,2.182
Maize,137.62,15.38,66.15,20.19,5.13
Rice,203.77,16.61,74.01,23.24,5.33
Rice,223.52,17.87,77.65,25.27,3.274
Wheat,60.12,9.94,59.21,18.45,1.881
Wheat,107.95,6.68,45.09,20.33,2.604
Maize,106.17,14.04,56.26,26.99,3.966
Cotton,110.9,16.42,63.03,33.11,1.798
Barley,61.62,9.68,49.28,11.19,3.101
Barley,59.01,8.03,44.01,18.2,2.289
Wheat,97.17,7.09,44.27,22.63,3.114
Maize,113.54,12.51,53.95,25.13,5.222
Sugarcane,168.76,19.74,68.25,33.55,66.812
Rice,152.11,18.81,72.53,27.18,3.213
Rice,217.49,16.52,80.43,21.37,3.44
Barley,81.1,6.2,35.28,17.64,1.928
Sugarcane,235.71,14.66,71.7,22.85,59.11
Soybean,116.01,11.91,57.12,22.51,3.429
Sugarcane,252.23,16.08,76.37,30.51,64.974
Barley,54.81,6.09,32.15,18.0,1.677
Maize,140.36,12.91,64.85,24.92,3.65
Cotton,79.4,17.39,53.19,22.11,0.924
Barley,64.96,9.03,34.05,14.81,3.173
Sugarcane,160.25,18.17,77.47,30.45,64.583
Soybean,104.51,14.76,58.97,29.95,2.53
Rice,217.17,20.28,69.98,30.68,2.993
Wheat,45.29,11.71,42.43,11.29,2.55
Sugarcane,152.25,17.25,60.59,22.96,54.288
Wheat,82.8,10.07,42.94,21.87,3.597
Rice,242.93,18.28,89.42,21.33,3.789
Soybean,124.55,14.01,68.14,19.36,2.423
Soybean,193.85,12.61,70.29,18.66,2.184
Barley,83.24,8.06,40.56,13.57,1.783
Rice,266.72,16.69,74.6,25.47,3.785
Cotton,74.47,12.46,55.89,26.08,1.859
Soybean,137.87,14.12,74.38,29.59,1.979
Wheat,65.72,6.52,48.92,21.83,3.311
Rice,295.92,17.75,87.77,29.05,4.575
Wheat,80.8,7.52,46.26,23.41,2.281
Soybean,149.23,11.93,58.9,26.36,2.799
Sugarcane,112.76,15.14,79.28,32.1,54.753
Wheat,62.98,8.72,54.06,11.76,2.076
Barley,47.29,8.44,35.38,20.06,2.22
Barley,44.58,5.44,50.31,18.53,2.475
Soybean,163.21,16.94,56.95,23.98,2.406
Cotton,111.14,14.71,39.91,31.54,2.072
Maize,135.58,11.89,54.83,20.84,3.195
Barley,79.02,9.22,53.9,15.44,2.071
Sugarcane,187.35,17.25,82.98,32.8,60.214
Cotton,150.55,12.62,62.08,28.06,2.168
Maize,136.15,13.66,57.2,19.6,3.859
Soybean,179.17,15.21,61.48,18.66,2.159
Soybean,190.38,11.57,63.6,26.89,2.444
Soybean,135.15,13.99,51.81,26.21,2.811
Soybean,151.53,11.64,50.42,28.91,1.976
Rice,304.57,19.23,77.45,21.27,3.452
Barley,67.36,10.05,50.03,13.75,2.312
Wheat,61.51,9.28,45.43,12.24,2.068
Barley,71.58,6.88,37.38,18.27,3.021
Wheat,97.21,11.58,37.38,16.3,2.411
Wheat,43.47,10.35,37.79,18.52,1.938
Cotton,162.53,14.95,42.42,32.45,1.116
Barley,56.09,7.01,30.64,12.77,2.996
Barley,52.13,5.23,33.08,21.81,1.622
Rice,229.9,21.34,82.69,20.75,2.758
Wheat,98.62,7.02,35.48,20.91,2.714
Soybean,81.21,12.17,62.28,29.41,1.734
Barley,37.01,6.65,30.82,13.88,2.472
Sugarcane,167.59,16.99,68.58,24.9,58.467
Maize,136.95,15.52,55.59,22.11,5.865
Wheat,59.31,10.61,40.66,19.69,2.334
Soybean,173.11,15.85,69.19,19.37,2.593
Wheat,43.89,6.04,40.31,19.29,2.286
Wheat,50.76,9.44,41.93,22.9,2.057
Soybean,144.83,11.3,51.57,20.25,1.843
Sugarcane,216.68,16.48,70.14,30.15,54.626
Sugarcane,188.83,15.23,78.43,30.4,62.99
Sugarcane,220.87,14.03,83.12,23.35,43.615
Barley,79.4,8.96,53.77,18.22,1.777
Wheat,65.85,11.6,55.69,19.76,3.432
Barley,38.06,9.01,51.57,10.28,2.341
Soybean,170.81,12.99,68.61,19.82,1.781
Barley,60.76,10.78,43.47,12.03,1.858
Rice,220.4,20.97,83.34,29.23,2.503
Barley,71.19,10.68,40.37,12.58,2.737
Sugarcane,265.27,18.89,84.47,32.56,48.66
Barley,74.56,10.83,39.34,17.54,1.604
Rice,217.35,20.17,74.71,25.38,3.398
Maize,104.45,15.03,48.63,24.07,3.539
Barley,83.93,7.84,41.17,8.1,2.497
Sugarcane,231.72,14.99,68.78,25.18,54.225
Rice,249.99,18.89,81.06,20.78,4.563
Barley,102.14736571902306,5.17,36.12,20.34,1.814
Cotton,243.61448552094762,17.37,51.43,31.81,1.367
Rice,153.29,16.75,75.34,25.91,3.179
Rice,212.87,16.31,84.19,25.0,5.377
Maize,137.44,13.27,50.1,21.5,5.37
Cotton,114.99,15.27,63.24,26.63,2.526
Rice,289.76,18.28,84.39,31.57,2.284
Rice,173.89,18.91,65.69,26.07,5.152
Soybean,194.96,14.02,52.07,25.44,1.849
Barley,56.15,5.57,54.4,12.01,2.299
Barley,91.61,7.05,49.24,15.86,3.146
Sugarcane,103.45,18.63,64.27,22.53,53.725
Barley,62.88,8.91,48.18,8.01,2.74
Rice,161.22,18.09,67.77,29.7,3.898
Soybean,133.05,13.0,63.05,25.03,1.919
Barley,97.49,8.6,50.19,9.53,1.914
Sugarcane,116.17,17.54,74.98,27.03,57.063
Barley,49.79,6.68,33.19,16.95,1.585
Sugarcane,158.17,15.91,71.21,29.51,54.826
Maize,142.74,10.41,53.37,21.76,5.007
Rice,283.01,19.4,83.46,30.54,3.269
Wheat,61.55,11.48,58.82,14.57,2.551
Cotton,163.72,14.84,64.05,24.23,1.969
Barley,43.39,7.58,36.87,20.43,1.369
Sugarcane,261.11,16.36,84.04,26.99,61.695
Cotton,157.27,17.92,39.51,29.13,1.43
Sugarcane,105.4,16.38,74.28,33.44,42.295
Rice,219.64,17.87,81.93,27.27,4.439
Barley,42.56,8.22,40.93,11.75,1.994
Cotton,76.13,12.38,64.7,25.87,1.872
Barley,86.53,8.77,33.82,17.94,2.495
Maize,119.18,11.5,53.58,28.22,4.562
Barley,47.66,9.9,50.06,14.81,2.239
Soybean,101.4,12.44,60.45,21.01,2.176
Barley,62.34,7.89,39.41,13.08,1.651
Barley,78.05,5.95,47.2,9.79,2.208
Rice,165.06,17.32,79.96,28.83,4.874
Wheat,77.19,10.06,45.71,20.24,3.498
Barley,76.99,5.9,53.32,13.36,3.061
Maize,112.45,11.36,49.15,21.99,6.19
Maize,119.47,12.5,66.94,20.45,5.938
Barley,63.8,8.71,49.25,9.46,2.984
Barley,49.93,6.2,30.94,17.01,1.908
Wheat,78.42,7.73,42.67,14.94,3.455
Sugarcane,124.11,19.66,80.11,24.17,52.857
Soybean,168.75,11.52,66.73,22.92,2.585
Sugarcane,190.55,17.51,83.0,22.59,64.217
Rice,237.82,16.03,65.19,22.63,2.691
Maize,106.24,14.04,62.05,21.78,3.411
Wheat,58.97,7.21,42.85,13.38,2.108
Sugarcane,173.93,18.32,72.79,33.32,42.006
Sugarcane,144.74,15.82,79.27,25.93,55.79
Wheat,97.57,6.34,45.47,16.42,3.055
Maize,90.22,12.4,55.24,29.74,2.835
Maize,81.97,10.95,68.73,28.56,5.517
Sugarcane,278.77,14.64,65.83,33.4,58.613
Barley,53.02,10.98,48.77,17.03,2.263
Rice,196.61,16.48,67.14,30.73,2.588
Rice,309.26,16.31,75.47,23.12,3.719
Barley,67.07,5.24,54.61,13.37,2.146
Rice,312.85,19.18,71.05,26.01,4.191
Wheat,43.52,6.21,48.78,16.13,2.776
Maize,120.94,15.27,58.95,29.52,2.806
Soybean,182.79,13.38,54.98,23.1,2.302
Soybean,173.78,15.22,70.86,18.67,2.856
Rice,237.1,16.63,74.61,25.85,5.56
Sugarcane,169.56,15.98,74.88,32.47,43.732
Cotton,122.44,16.63,50.6,32.23,1.879
Sugarcane,124.26,16.98,64.23,23.51,72.646
Rice,294.74,17.25,88.26,21.4,4.246
Rice,200.41,18.1,84.37,27.94,3.408
Sugarcane,205.63,19.0,61.81,30.29,68.449
Rice,251.83,16.69,67.35,30.92,4.494
Maize,129.68,13.57,55.38,23.07,6.11
Barley,58.07,6.92,54.1,16.98,1.4
Barley,45.06,6.1,39.13,14.05,2.427
Wheat,92.8,11.51,58.77,18.08,2.237
Sugarcane,119.33,14.87,60.84,27.64,73.015
Rice,162.49,17.02,77.99,24.04,4.381
Cotton,171.54,16.98,63.95,23.49,1.481
Wheat,53.34,7.11,43.55,16.02,3.517
Wheat,54.63,6.51,46.67,16.75,3.355
Cotton,66.94,17.81,61.51,33.13,1.771
Maize,100.27,15.52,45.3,24.63,5.605
Wheat,47.07,7.0,38.68,23.62,2.456
Sugarcane,237.11,14.35,84.96,31.03,73.076
Sugarcane,128.54,18.88,63.32,24.8,55.066
Cotton,156.44,13.12,61.78,28.47,2.066
Soybean,144.7,16.81,62.11,18.76,2.564
Rice,238.13,16.9,83.44,26.15,5.528
Soybean,185.75,13.1,52.08,26.69,1.93
Wheat,83.14,9.34,45.39,16.01,3.235
Barley,38.2,5.19,43.85,18.67,1.795
Cotton,167.65,17.32,58.4,29.7,0.959
Wheat,40.05,11.22,54.81,18.78,2.746
Cotton,164.61,13.32,64.28,26.04,1.197
Soybean,178.85,16.14,60.38,19.07,1.952
Soybean,108.83,13.82,61.39,24.99,2.372
Sugarcane,249.99,16.73,77.99,23.29,70.363
Sugarcane,149.5,14.48,70.74,28.65,63.378
Wheat,50.98,10.96,36.05,15.87,1.932
Sugarcane,148.72,14.18,75.13,26.75,62.228
Barley,67.26,8.27,34.21,18.65,3.389
Wheat,68.54,6.97,51.41,23.6,2.552
Cotton,72.3,17.62,55.64,22.81,1.09
Wheat,45.96,8.31,36.78,12.95,1.557
Soybean,124.68,12.53,62.22,22.89,3.633
Soybean,93.5,15.42,56.88,25.67,2.152
Maize,84.57,13.95,69.94,23.42,3.86
Rice,256.21,16.43,82.07,22.9,4.417
Soybean,82.36,16.28,74.14,22.1,1.96
Cotton,163.77,16.88,64.99,33.96,1.383
Maize,92.13,12.15,69.74,26.21,5.894
Cotton,66.2,15.19,51.22,29.65,1.736
Barley,41.29,7.86,54.79,18.79,1.413
Cotton,66.17,14.98,52.91,26.01,1.583
Soybean,95.9,14.28,63.66,19.07,2.104
Barley,96.36,7.38,47.35,14.85,2.136
Wheat,64.33,6.3,36.32,19.69,2.716
Soybean,180.42,14.43,74.98,21.44,2.002
Maize,150.45,12.01,60.38,29.12,4.85
Barley,42.39,7.47,46.2,17.97,1.658
Sugarcane,106.08,17.56,64.67,26.15,43.263
Wheat,93.5,9.74,54.06,10.55,3.128
Cotton,119.51,12.49,41.61,30.2,1.149
Rice,259.9,21.85,86.18,20.28,4.982
Barley,50.97,5.66,49.86,9.39,1.669
Soybean,178.87,14.89,74.22,26.57,3.407
Barley,61.58,8.97,41.62,16.83,2.437
Maize,125.02,12.23,64.3,20.05,3.975
Rice,211.52,18.83,66.14,21.68,3.177
Barley,35.08,5.72,43.36,17.45,1.849
Barley,62.68,10.91,43.85,21.03,1.47
Rice,188.62,21.02,71.98,27.71,3.992
Soybean,110.38,14.33,63.19,25.87,2.215
Barley,70.6,8.84,36.49,9.19,1.82
Wheat,79.63,7.88,51.36,13.25,5.894239792205193
Soybean,146.07,15.96,57.59,22.78,2.589
Sugarcane,183.24,19.65,72.16,27.55,83.902
Wheat,87.31,9.95,36.75,15.53,1.897
Sugarcane,134.28,16.65,61.79,26.68,70.176
Sugarcane,168.39,16.69,84.52,26.2,60.886
Rice,253.76,20.3,71.82,24.96,3.262
Maize,78.7,14.32,52.05,20.21,2.539
Soybean,182.1,12.72,66.01,21.77,3.202
Sugarcane,129.28,19.13,77.17,28.24,76.732
Soybean,94.1,12.51,73.02,24.98,2.269
Soybean,97.27,11.05,50.5,25.04,2.347
Wheat,104.28,6.61,47.65,13.09,1.407
Rice,162.85,18.19,70.63,22.35,2.476
Sugarcane,173.29,16.46,73.6,28.52,67.755
Sugarcane,252.72,14.12,75.11,25.32,63.024
Rice,234.7,16.46,66.46,24.01,5.722
Rice,171.34,16.1,84.25,29.69,2.69
Barley,42.64,10.94,35.24,8.16,2.611
Rice,295.17,18.63,86.17,30.72,2.291
Rice,261.75,18.83,87.0,22.59,4.679
Rice,253.34,17.86,85.59,31.46,4.75
Cotton,162.66,16.22,49.23,23.17,1.241
Maize,93.19,12.7,62.32,26.8,6.045
Wheat,75.74,9.69,57.77,17.14,3.068
Wheat,86.33,10.51,53.85,18.09,3.929
Rice,292.77,18.3,79.3,27.05,2.748
Soybean,193.91,12.83,54.22,23.53,2.044
Wheat,84.55,7.95,41.74,12.67,3.016
Cotton,111.05,15.05,42.27,23.38,1.65
Wheat,83.17,10.46,53.45,17.3,2.056
Maize,94.19,11.19,51.17,21.68,4.228
Cotton,123.91,13.45,43.08,26.53,1.079
Soybean,95.71,12.41,73.31,28.31,2.801
Sugarcane,253.97,14.19,61.9,25.29,44.738
Sugarcane,191.03,18.9,81.53,29.39,52.463
Rice,214.71,21.27,86.7,29.67,4.786
Maize,135.78,12.52,59.46,27.99,5.562
Rice,180.16,19.27,89.62,31.25,2.252
Soybean,130.72,15.31,61.07,26.79,2.216
Wheat,43.82,11.84,40.65,14.26,1.606
Soybean,94.8,13.41,58.77,27.27,2.624
Maize,115.53,14.67,66.46,28.14,4.094
Soybean,175.69,15.32,52.15,23.57,2.047
Rice,293.75,20.15,75.75,28.08,3.386
Rice,157.08,16.51,82.91,20.87,2.014
Sugarcane,245.93,14.27,67.41,25.36,44.619
Maize,91.7,11.4,46.7,20.25,4.155
Cotton,120.71,15.67,35.54,32.47,2.491
Rice,220.0,19.91,78.64,20.75,4.37
Rice,307.77,17.35,74.3,25.18,3.686
Wheat,107.89,9.43,38.58,15.24,2.831
Soybean,182.71,13.61,54.82,20.29,2.834
Wheat,90.59,9.94,52.72,10.12,1.795
Rice,158.18,21.42,86.31,28.01,3.579
Barley,43.86,6.18,31.38,10.77,1.15
Cotton,178.53,14.57,46.53,30.16,1.071
Soybean,155.13,11.45,52.81,18.59,1.925
Soybean,116.2,13.3,71.36,26.99,2.34
Barley,64.03,6.52,50.63,14.79,3.064
Soybean,194.93,11.47,63.31,21.64,2.106
Barley,76.48,6.73,35.9,18.23,1.526
Cotton,147.79,12.49,36.81,24.97,1.3
Soybean,140.61,16.93,61.63,18.7,2.17
Maize,119.93,10.46,45.1,26.05,5.165
Cotton,155.99,13.07,54.58,24.86,1.094
Barley,43.37,10.69,41.88,12.44,2.352
Soybean,192.95,16.29,62.88,27.3,2.38
Soybean,107.69,12.75,69.31,18.91,3.162
Barley,81.56,9.02,41.92,16.99,1.687
Sugarcane,177.94,14.43,72.2,30.43,67.112
Soybean,126.21,16.66,65.26,28.02,2.843
Wheat,81.95,7.08,52.63,16.37,3.246
Cotton,111.64,13.2,49.75,22.77,1.617
Barley,56.81,10.86,51.84,12.61,2.52
Barley,41.18,6.2,40.34,10.89,2.135
Maize,129.61,14.51,65.3,29.35,3.723
Maize,153.59,12.58,47.98,24.15,3.748
Wheat,86.98,9.72,53.56,12.38,1.988
Cotton,76.91,16.81,37.24,33.84,1.659
Cotton,90.95,12.84,60.05,33.81,1.53
Maize,74.93,11.23,55.47,20.64,2.538
Rice,228.11,20.71,87.3,31.46,5.111
Rice,274.58,19.25,79.76,26.1,4.031
Wheat,65.23,10.03,41.77,11.14,3.286
Rice,277.17,20.87,81.41,21.54,3.594
Maize,120.09,12.06,48.36,19.13,5.123
Sugarcane,230.57,15.26,82.12,29.39,58.42
Cotton,107.88,12.33,45.06,31.63,1.034
Rice,246.11,18.78,89.3,27.3,4.181
Maize,97.87,11.21,67.72,27.12,4.836
Sugarcane,129.77,19.87,62.7,33.18,71.956
Wheat,44.63,6.11,55.67,17.35,2.932
Wheat,97.53,9.96,54.91,13.81,2.877
Soybean,146.32,11.69,53.15,24.35,2.512
Sugarcane,230.6,15.38,60.02,30.58,49.871
Wheat,63.24,8.79,35.34,11.14,1.999
Cotton,103.32,12.55,62.52,23.64,2.011
Wheat,64.08,10.4,51.47,23.04,3.483
Soybean,98.41,13.2,59.33,19.82,2.528
Barley,48.45,7.15,33.73,15.14,2.252
Cotton,87.59,13.28,35.93,29.82,1.415
Barley,48.62,7.73,52.71,9.46,2.238
Wheat,42.18,7.56,35.84,22.31,1.6
Rice,210.83,19.89,68.07,30.66,4.323
Cotton,135.35,12.49,61.21,33.05,1.077
Wheat,96.59,10.94,44.62,16.43,2.103
Cotton,72.79,12.45,56.85,27.95,1.679
Rice,263.29,21.8,84.03,31.41,4.019
Maize,115.0,14.38,60.48,20.24,3.101
Wheat,98.3,11.44,35.3,19.44,1.833
Barley,45.23,5.19,53.67,11.37,1.905
Maize,138.99,14.21,53.28,26.11,4.071
Soybean,169.2,15.34,53.4,28.03,1.663
Wheat,40.85,6.05,43.93,22.97,1.804
Cotton,138.63,15.31,37.61,26.9,1.656
Rice,225.49,19.76,77.22,24.82,6.309
Sugarcane,256.05,18.48,81.44,27.94,47.679
Maize,79.72,12.87,59.64,24.5,3.296
Sugarcane,181.05,15.2,67.69,22.51,68.6
Wheat,59.27,10.26,41.79,22.66,2.075
Wheat,70.37,6.99,37.91,17.65,3.644
Barley,98.25,6.16,38.65,13.01,1.386
Soybean,133.76,13.43,74.6,21.51,2.539
Barley,58.87,10.48,39.21,13.23,2.034
Maize,102.63,14.94,50.1,23.63,6.056
Sugarcane,101.46,14.06,71.51,27.86,46.869
Rice,198.6,20.9,86.53,30.16,5.216
Wheat,91.91,8.96,47.08,21.74,2.161
Soybean,91.71,12.0,73.09,27.86,2.054
Cotton,144.49,13.28,39.09,22.17,1.108
Cotton,71.66,15.69,64.7,23.68,1.587
Soybean,111.81,15.03,51.3,19.36,1.506
Maize,141.88,15.6,45.5,19.85,5.556
Soybean,173.94,16.07,69.98,24.1,2.21
Sugarcane,115.84,19.36,69.73,25.76,58.752
Sugarcane,188.47,19.85,68.33,29.14,59.08
Barley,62.96,10.25,37.54,9.32,2.863
Rice,259.46,19.18,66.05,31.62,4.863
Sugarcane,199.4,17.97,68.07,27.78,75.501
Sugarcane,210.74,18.97,63.94,29.13,72.183
Rice,298.1,20.6,84.71,27.98,3.132
Sugarcane,158.3,14.82,82.19,27.65,90.42
Sugarcane,115.52,19.62,69.45,28.92,70.921
Sugarcane,113.45,16.76,82.27,23.13,63.507
Sugarcane,254.42,15.85,76.47,28.8,59.1
Barley,85.2,7.84,45.44,14.39,2.837
Wheat,54.5,6.43,36.73,23.17,2.473
Rice,174.16,16.07,75.55,23.54,3.459
Rice,284.79,19.47,80.86,29.57,3.443
Maize,97.44,11.16,48.23,21.57,5.449
Sugarcane,222.41,17.81,82.74,22.22,59.437
Maize,104.51,11.01,65.91,24.59,4.012
Sugarcane,144.24,17.46,66.86,31.89,37.383
Maize,121.89,15.9,51.04,26.18,5.007
Rice,287.09,18.76,66.3,29.44,2.692
Rice,159.7,17.69,71.54,22.96,4.152
Barley,39.82,6.15,51.0,18.15,2.887
Soybean,105.86,11.72,71.29,19.88,3.23
Cotton,163.57,15.74,44.93,22.76,1.241
Cotton,165.49,17.67,49.02,29.36,1.074
Rice,263.03,20.77,88.18,22.82,3.76
Maize,148.12,13.5,62.95,22.46,2.597
Soybean,195.53,14.77,54.6,19.27,2.817
Barley,37.03,10.8,43.16,12.25,1.684
Cotton,137.28,14.45,35.76,23.87,1.84
Wheat,87.24,10.07,44.33,23.18,1.728
Sugarcane,161.61,14.5,84.82,23.53,41.55
Soybean,82.96,15.18,68.13,28.04,2.749
Maize,156.96,15.82,66.63,25.21,4.613
Wheat,102.82,9.74,59.33,16.51,3.247
Cotton,86.64,13.39,55.16,22.24,0.958
Sugarcane,215.33,16.48,66.75,24.48,62.678
Soybean,148.34,15.99,74.79,19.96,2.996
Rice,184.99,16.67,71.74,20.69,3.453
Wheat,45.38,8.13,48.77,15.64,3.191
Rice,230.99,17.36,81.01,31.75,4.373
Rice,169.51,21.16,83.07,20.81,4.508
Rice,298.46,19.82,84.03,21.92,3.498
Soybean,181.15,13.68,67.71,26.78,1.985
Sugarcane,167.26,16.33,62.39,32.98,46.581
Sugarcane,249.72,19.88,72.35,22.12,40.031
Sugarcane,158.08,17.87,81.29,29.31,83.537
Sugarcane,172.88,15.19,84.04,28.14,75.233
Soybean,158.7,14.22,66.93,26.19,3.105
Wheat,78.69,8.23,51.54,11.98,2.976
Wheat,51.23,6.42,39.64,19.3,3.124
Wheat,91.72,6.19,51.47,17.45,1.889
Maize,129.25,12.63,51.92,24.7,4.203
Cotton,76.74,13.75,45.99,27.47,1.783
Soybean,146.07,12.15,52.55,28.93,3.066
Wheat,90.01,10.55,37.56,17.19,2.999
Rice,302.97,16.13,81.59,31.56,3.081
Cotton,71.72,16.11,48.2,23.46,1.443
Soybean,146.87,15.46,56.99,24.78,2.256
Wheat,105.04,8.05,48.19,12.96,3.149
Maize,119.86,13.21,49.89,19.99,6.085
Cotton,176.0,17.78,60.59,25.53,1.359
Wheat,100.06,11.99,41.04,10.56,2.195
Rice,232.6,17.54,72.12,23.69,4.887
Cotton,153.06,14.72,50.73,27.29,1.443
Sugarcane,272.07,19.54,71.43,32.15,45.42
Wheat,100.79,11.56,45.49,10.71,1.345
Maize,113.65,10.51,69.31,24.22,5.953
Sugarcane,204.65,18.68,64.79,22.6,74.481
Soybean,189.13,12.16,60.41,23.39,2.793
Sugarcane,118.43,14.37,61.28,26.56,56.918
Sugarcane,237.45,15.55,72.02,33.9,57.589
Wheat,50.81,8.92,45.75,18.36,3.516
Sugarcane,183.57,16.97,70.69,33.47,48.706
Sugarcane,245.88,18.14,78.12,30.38,52.975
Sugarcane,267.27,15.82,81.6,31.38,64.911
Rice,248.12,16.26,68.08,26.7,4.195
Rice,200.78,21.64,71.48,25.16,5.294
Wheat,108.68,10.76,56.34,13.39,3.027
Rice,279.1,18.7,84.42,20.78,3.283
Maize,124.53,12.57,45.68,27.4,2.765
Barley,73.27,5.54,40.77,10.45,3.455
Barley,38.48,5.84,45.56,10.91,2.192
Rice,253.32,17.77,68.42,27.82,5.355
Wheat,96.2,11.77,48.4,16.84,2.609
Wheat,66.08,11.57,36.55,11.29,1.729
Soybean,190.01,15.8,61.28,26.62,2.306
Maize,128.34,10.37,65.34,29.29,5.465
Maize,100.1,13.12,49.94,27.66,3.39
Barley,49.85,6.64,37.87,9.64,1.812
Soybean,122.3,11.76,53.25,26.11,3.482
Rice,237.65,18.93,81.67,21.68,2.889
Sugarcane,146.13,16.28,81.78,29.96,57.146
Maize,77.43,10.93,55.99,24.13,3.463
Sugarcane,270.21,16.66,74.98,27.72,72.851
Maize,126.31,13.3,55.18,24.26,6.596
Cotton,95.19,13.97,55.18,31.03,5.56007971639385
Rice,297.89,16.78,84.76,21.5,4.654
Wheat,64.59,6.56,47.15,22.89,1.488
Cotton,77.39,14.94,64.57,24.9,1.615
Cotton,119.78,15.33,56.58,24.74,2.663
Barley,89.38,8.9,45.35,12.68,2.226
Barley,65.9,7.18,46.03,20.62,1.874
Wheat,55.31,9.57,41.62,19.27,3.361
Soybean,141.04,12.46,68.62,20.02,2.342
Maize,74.91,13.6,67.56,22.6,3.625
Cotton,140.6,15.71,45.74,23.36,1.811
Sugarcane,158.14,15.42,66.57,28.05,75.165
Rice,258.94,17.3,80.49,27.8,3.059
Soybean,174.67,12.4,65.98,20.83,2.822
Maize,77.75,14.89,52.01,19.59,3.232
Sugarcane,230.24,18.84,67.24,29.97,60.857
Wheat,86.32,9.61,39.08,13.27,1.634
Sugarcane,192.35,18.02,81.18,22.11,59.415
Sugarcane,189.66,17.48,67.17,26.4,52.476
Wheat,77.49,8.14,43.84,21.6,3.039
Rice,319.13,16.35,82.38,31.8,2.392
Maize,152.35,15.06,63.56,20.01,2.803
Rice,311.59,19.6,83.59,26.08,4.141
Wheat,50.25,11.0,48.51,21.83,2.294
Cotton,81.82,13.1,44.13,28.3,1.642
Cotton,64.13,17.46,42.76,29.95,1.446
Rice,221.61,19.82,84.64,21.42,3.863
Maize,109.83,10.29,65.51,27.92,5.353
Maize,104.2,13.64,54.72,20.88,3.12
Soybean,143.24,14.37,54.27,20.37,2.522
Sugarcane,113.66,18.19,75.59,24.27,53.083
Cotton,164.81,17.4,47.65,25.32,1.778
Maize,101.32,15.37,69.17,23.32,4.87
Cotton,61.99,15.07,41.79,29.74,1.112
Barley,61.2,8.89,47.45,16.93,2.17
Barley,67.37,6.86,50.3,20.14,2.696
Sugarcane,205.45,18.05,80.11,29.91,70.478
Wheat,77.1,6.97,49.3,21.28,3.337
Maize,149.28,10.3,51.43,23.58,3.856
Maize,113.32,14.86,68.76,18.26,6.241
Maize,145.75,10.18,66.1,23.52,3.773
Wheat,80.11,7.95,35.98,13.81,1.892
Soybean,156.93,12.87,63.13,18.79,3.21
Rice,189.73,19.24,87.0,27.81,3.824
Cotton,147.39,14.21,53.97,29.6,1.812
Rice,181.32,21.36,81.36,21.83,3.228
Wheat,106.6,7.05,49.19,18.11,2.216
Cotton,122.67,16.62,41.47,29.47,1.224
Cotton,69.63,15.15,47.31,33.79,0.904
Rice,245.27,16.67,76.18,25.52,6.098
Cotton,112.06,14.39,53.48,29.62,1.161
Soybean,180.93,16.98,60.76,21.84,3.199
Cotton,147.26,16.46,47.76,26.15,1.479
Cotton,134.41,15.2,61.82,31.46,1.135
Soybean,92.56,13.54,69.89,19.7,1.472
Maize,135.81,14.62,69.39,24.88,4.119
Cotton,73.34,14.96,35.34,27.62,1.093
Maize,153.22,10.34,57.14,28.95,3.592
Maize,116.16,11.93,59.9,29.95,4.156
Cotton,71.28,15.47,36.08,27.59,1.448
Barley,55.86,6.51,43.36,19.53,1.637
Wheat,77.92,11.81,36.66,19.08,2.089
Barley,44.77,5.23,51.97,12.41,1.822
Barley,90.97,8.4,33.93,17.67,2.217
Soybean,189.78,12.27,53.61,27.11,2.02
Sugarcane,233.84,17.48,69.7,24.05,45.843
Wheat,75.49,7.13,36.92,19.75,2.657
Barley,77.24,5.15,50.26,15.51,2.185
Wheat,102.89,8.4,43.17,10.15,2.766
Wheat,86.27,6.47,48.61,19.93,1.827
Soybean,92.7,14.04,70.37,29.23,2.125
Barley,36.59,7.47,38.32,17.37,1.657
Maize,121.38,11.99,52.89,19.28,11.013475593850659
Barley,89.03,9.6,38.77,13.28,2.153
Cotton,74.18,16.18,53.87,32.53,1.564
Soybean,88.48,13.17,63.37,29.95,1.732
Cotton,136.01,13.44,37.28,23.55,1.025
Maize,98.34,10.58,49.42,29.85,4.135
Soybean,176.85,14.14,52.92,19.55,2.495
Cotton,110.37,15.83,46.93,25.29,2.54
Rice,313.13,18.93,67.74,26.58,3.255
Maize,119.92,14.96,60.79,27.41,4.971
Rice,223.17,17.9,75.86,29.29,5.189
Wheat,88.2,7.52,35.25,20.13,2.873
Sugarcane,124.03,14.29,79.39,28.85,70.788
Maize,125.55,15.82,63.19,29.07,4.773
Cotton,162.07,17.2,56.25,32.04,1.78
Sugarcane,144.98,17.84,81.94,27.02,76.092
Cotton,94.64,15.49,39.63,27.77,1.787
Cotton,165.28,16.44,55.91,30.43,1.412
Maize,79.49,15.03,61.78,26.36,3.794
Soybean,95.47,15.32,52.53,25.48,2.109
Cotton,70.54,14.1,36.0,22.94,1.212
Barley,70.84,7.16,33.15,16.25,2.74
Cotton,174.58,16.43,51.63,29.34,1.315
Wheat,83.72,11.19,49.67,18.13,4.513
Cotton,77.16,16.57,53.55,23.21,0.896
Soybean,139.08,12.15,61.6,20.95,3.706
Soybean,102.39,12.13,54.61,18.68,2.311
Barley,63.51,9.69,49.6,14.35,3.294
Cotton,150.33,12.95,61.43,32.46,1.033
Cotton,81.83,17.17,63.38,26.48,1.338
Soybean,175.3,13.97,72.37,21.21,2.251
Cotton,173.98,16.35,53.4,27.02,2.016
Barley,68.54,6.52,53.51,20.68,2.391
Cotton,79.28,13.12,43.55,24.08,1.807
Sugarcane,177.04,17.95,66.6,22.14,61.432
Wheat,46.64,11.99,43.17,20.47,2.891
Maize,156.01,15.72,53.81,18.52,2.788
Wheat,87.98,7.99,36.41,15.23,4.009
Cotton,133.9,13.4,35.73,32.44,0.994
Rice,210.08,17.42,84.51,23.3,5.663
Rice,252.59,20.06,85.12,23.24,5.802
Wheat,57.31,9.84,51.67,12.28,2.583
Maize,124.88,11.44,54.67,18.97,3.121
Rice,305.57,19.2,68.95,28.35,4.54
Cotton,149.79,13.11,41.28,26.45,1.565
Barley,36.55,7.7,38.32,14.14,1.726
Maize,75.62,12.92,47.73,20.98,3.067
Soybean,155.98,15.33,56.43,26.63,1.916
Maize,74.6,11.4,57.3,21.72,3.533
Sugarcane,102.05,18.18,69.4,33.31,48.981
Cotton,154.7,14.99,37.61,28.45,1.733
Rice,191.92,18.9,83.69,25.69,2.947
Cotton,86.83,17.78,35.36,33.64,0.88
Sugarcane,116.4,18.31,65.34,24.36,44.465
Soybean,168.49,12.52,51.68,21.22,3.186
Sugarcane,229.23,18.46,61.27,24.65,49.044
Rice,210.42,20.7,78.86,20.06,3.925
Sugarcane,247.88,17.33,64.49,27.61,82.18
Sugarcane,237.84,16.65,77.91,26.64,56.978
Barley,82.63,9.12,50.83,11.5,2.13
Maize,147.18,10.58,62.66,22.15,2.502
Maize,81.76,14.03,63.23,24.9,3.558
Rice,279.52,21.0,76.01,23.63,2.962
Rice,170.44,19.27,65.14,23.9,3.219
Barley,49.8,8.15,50.15,12.95,2.455
Rice,218.51,17.04,82.37,24.15,5.837
Rice,150.55,19.72,73.89,29.53,5.8755816993868875
Maize,144.66,10.8,68.38,27.02,5.834
Cotton,105.23,14.78,44.04,30.97,1.815
Barley,42.49,5.64,47.99,19.96,1.429
Maize,91.04,13.83,65.5,18.5,4.574
Rice,609.2507058224011,19.74,76.29,27.04,2.687
Barley,82.44,7.47,45.73,17.79,2.342
Barley,66.4,7.5,54.45,10.81,1.996
Cotton,70.02,16.66,51.75,27.09,2.218
Cotton,83.07,12.25,40.07,25.34,1.026
Sugarcane,209.75,15.18,66.29,24.08,76.008
Cotton,143.03,15.91,41.73,30.55,1.2
Maize,150.77,10.72,53.2,27.79,4.194
Barley,88.34,6.71,35.98,19.02,1.316
Wheat,84.41,7.33,43.04,21.87,3.018
Wheat,108.41,10.54,39.04,16.68,2.94
Maize,105.4,13.27,49.0,26.29,3.337
Maize,84.53,12.83,58.84,24.84,3.797
Soybean,177.93,13.59,69.91,25.14,3.605
Barley,64.5,8.24,51.24,14.72,2.559
Soybean,89.44,12.99,56.21,29.86,1.954
Soybean,138.21,14.24,70.46,20.06,3.424
Cotton,134.42,13.66,40.64,27.56,1.706
Cotton,152.28,17.67,60.49,24.97,1.379
Sugarcane,113.6,15.48,77.38,26.91,73.269
Cotton,176.39,17.05,60.15,27.62,1.412
Wheat,54.33,9.55,39.65,14.64,2.537
Soybean,127.3,16.09,62.32,23.66,3.016
Maize,133.16,13.34,53.97,28.94,2.636
Sugarcane,115.86,19.08,78.31,29.33,69.29
Barley,93.26,9.84,30.09,12.48,1.61
Rice,255.81,20.69,79.46,21.76,4.467
Maize,151.83,14.92,67.2,20.39,3.103
Wheat,50.93,11.93,59.43,21.11,2.883
Maize,94.61,14.42,46.29,18.59,3.722
Barley,54.22,7.97,40.53,13.75,2.016
Barley,55.26,6.84,50.95,9.01,2.825
Barley,48.19,7.71,49.92,16.27,1.818
Rice,293.81,19.68,67.22,25.85,2.471
Sugarcane,205.0,17.23,71.36,24.51,47.871
Soybean,173.98,12.01,62.81,23.85,2.938
Barley,36.17,5.45,42.76,21.57,2.136
Cotton,102.73,17.92,53.17,24.85,1.104
Wheat,73.41,8.1,44.06,21.28,2.494
Maize,131.85,11.88,46.52,26.42,2.634
Maize,144.56,10.48,56.92,25.56,5.196
Soybean,181.18,14.87,66.27,28.4,2.625
Maize,99.36,12.81,48.7,29.82,3.125
Barley,46.48,8.48,52.6,12.48,2.258
Cotton,104.64,16.66,45.22,33.17,2.184
Rice,205.19,20.42,76.9,24.51,3.892
Maize,102.04,10.89,59.91,27.77,4.05
Soybean,136.93,11.06,52.12,27.69,3.145
Rice,214.56,21.18,77.98,25.75,2.782
Rice,230.69,21.07,85.14,27.02,6.33
Cotton,173.81,16.58,39.2,32.42,1.241
Sugarcane,178.49,17.78,68.51,25.61,71.684
Rice,263.66,20.07,74.05,27.12,2.714
Barley,38.2,5.01,36.12,17.53,1.206
Cotton,87.87,17.4,46.52,28.52,5.452532954916551
Barley,90.47,10.49,36.63,20.66,1.586
Rice,275.27,21.18,70.42,21.15,2.513
Sugarcane,164.01,18.75,72.76,23.53,61.998
Sugarcane,238.21,14.24,63.07,24.44,59.045
Soybean,111.0,16.2,66.73,23.38,2.875
Cotton,92.56,16.97,45.7,25.37,1.5
Wheat,42.04,8.89,51.56,11.66,1.648
Soybean,177.58,14.53,55.27,20.84,2.513
Maize,86.11,14.79,61.94,24.56,4.259
Rice,210.35,16.42,77.98,20.81,4.368
Wheat,58.27,8.06,55.86,23.1,1.704
Rice,314.29,19.35,73.68,26.97,2.498
Soybean,195.99,13.71,53.57,22.67,3.174
Barley,48.56,8.99,31.97,16.45,1.735
Wheat,91.62,7.72,55.07,23.96,1.494
Sugarcane,107.26,15.21,64.47,26.05,40.738
Barley,94.3,10.68,36.12,9.84,1.622
Wheat,50.61,11.26,48.48,13.95,2.412
Maize,108.67,14.5,67.83,24.87,4.11
Sugarcane,157.97,17.47,61.88,33.32,52.968
Cotton,130.84,13.61,53.72,26.91,1.742
Wheat,41.53,7.81,47.57,10.79,1.729
Barley,69.27,10.58,42.09,14.87,1.984
Maize,132.13,15.67,62.06,21.98,4.816
Sugarcane,249.25,16.66,74.27,28.32,40.142
Maize,124.66,10.53,61.92,18.77,4.41
Maize,98.13,12.46,50.24,29.72,4.702
Wheat,86.68,7.94,57.45,22.43,2.204
Cotton,75.54,17.33,63.67,32.35,1.835
Sugarcane,227.5,16.21,73.88,23.2,73.506
Maize,86.64,10.36,60.11,27.16,4.799
Soybean,115.67,11.81,53.64,26.37,2.941
Barley,44.08,5.58,40.61,21.07,1.972
Barley,57.29,5.83,40.99,14.95,2.275
Soybean,198.15,15.0,57.14,25.03,1.51
Sugarcane,262.61,14.63,84.57,32.32,58.807
Cotton,82.18,17.82,58.25,33.27,1.999
Soybean,99.98,15.27,54.4,20.82,2.239
Maize,159.6,13.5,65.31,21.92,3.379
Barley,67.32,9.0,30.32,20.2,2.287
Rice,319.22,21.13,78.04,20.76,3.635
Maize,151.97,10.04,57.1,19.48,3.153
Maize,94.22,11.19,64.58,28.91,3.385
Rice,206.14,20.54,77.98,22.46,4.883
Soybean,148.42,16.17,61.93,29.93,2.456
Barley,51.24,5.39,47.27,16.01,2.297
Barley,73.52,7.28,42.55,16.47,2.835
Rice,229.08,16.36,79.06,31.49,2.806
Soybean,159.54,16.79,72.9,24.03,3.361
Barley,88.34,5.23,39.18,15.59,1.742
Rice,170.57,18.51,83.78,20.85,2.361
Barley,40.58,5.55,53.08,17.65,1.607
Soybean,104.6,15.45,51.31,28.23,1.745
Cotton,95.18,17.38,35.39,23.03,1.002
Wheat,64.54,8.24,36.72,15.17,2.626
Barley,80.69,5.41,34.84,11.0,3.032
Rice,216.96,19.91,67.66,27.89,6.193
Barley,52.37,8.05,33.69,16.56,2.476
Sugarcane,272.8,18.92,81.35,24.07,42.147
Wheat,45.34,7.65,55.17,16.44,2.529
Wheat,80.52,9.79,38.91,16.63,3.623
Barley,82.84,6.81,41.58,16.39,1.706
Rice,317.73,21.79,65.12,31.42,3.261
Sugarcane,196.07,14.86,60.23,31.7,48.979
Rice,202.35,20.23,70.05,28.08,16.04134896111939
Barley,61.83,10.16,36.3,21.73,2.392
Sugarcane,120.82,19.68,78.33,29.65,71.233
Cotton,176.98,15.9,40.99,30.16,0.994
Soybean,452.21879516983927,11.64,66.24,28.42,3.46
Cotton,157.66,16.11,39.88,32.93,1.8
Cotton,80.6,13.63,35.55,32.97,0.841
Maize,87.55,13.03,64.22,18.74,4.459
Soybean,117.07,13.21,69.24,27.73,2.308
Barley,60.59,6.15,31.53,16.27,3.059
Maize,125.54,15.1,49.91,19.51,5.247
Sugarcane,181.75,16.32,84.55,26.69,58.728
Wheat,43.64,6.19,45.58,11.18,2.461
Soybean,114.47,15.42,61.34,29.87,1.414
Cotton,175.33,12.89,47.44,23.02,1.862
Sugarcane,148.67,18.82,84.89,25.03,53.03
Soybean,155.6,13.5,53.61,19.12,1.45
Barley,84.45,5.1,43.95,13.31,2.266
Maize,149.19,13.89,67.48,25.48,3.441
Rice,189.51,17.69,85.09,31.15,3.219
Rice,236.26,21.25,77.34,28.43,5.962
Wheat,101.34,6.62,44.82,17.75,2.576
Barley,64.15,6.92,48.61,21.6,2.035
Wheat,96.99,10.11,37.76,14.05,2.129
Sugarcane,136.67,16.04,71.91,25.55,62.463
Rice,186.15,16.2,72.6,27.84,5.205
Rice,252.5,20.96,89.6,23.46,5.254
Cotton,104.94,17.7,56.96,29.18,1.334
Soybean,132.87,16.14,67.11,28.59,2.006
Rice,301.73,18.66,80.18,27.58,3.721
Soybean,123.21,13.87,58.88,26.19,2.835
Maize,110.12,14.9,67.13,19.04,4.611
Sugarcane,158.66,16.85,75.07,33.83,79.402
Wheat,67.76,6.79,56.63,12.2,2.478
Barley,36.43,9.9,30.35,17.2,1.681
Cotton,130.29,17.64,52.26,26.66,2.05
Wheat,43.59,8.96,46.05,14.68,2.039
Sugarcane,145.66,15.37,60.29,23.56,47.032
Barley,66.89,10.09,47.65,14.87,2.313
Barley,98.59,5.95,42.19,13.1,2.194
Cotton,178.94,13.39,63.28,29.8,1.391
Wheat,67.85,11.52,59.83,10.63,2.797
Cotton,108.1,14.77,63.42,23.84,1.863
Cotton,172.86,17.72,62.45,26.44,0.909
Wheat,102.33,10.5,57.71,20.62,2.677
Maize,90.45,13.26,62.37,24.18,6.469
Maize,116.77,15.98,48.38,26.11,4.954
Cotton,107.59,15.73,60.87,33.39,1.127
Sugarcane,213.88,19.86,67.77,27.53,81.605
Cotton,127.89,13.6,61.36,31.57,1.814
Maize,132.4,14.6,52.6,27.74,3.493
Sugarcane,158.96,15.26,72.3,22.24,63.988
Maize,99.51,12.23,64.0,22.07,6.562
Rice,277.27,17.91,65.0,26.13,2.951
Rice,852.1118279077031,17.39,74.77,27.13,4.948
Cotton,517.229032675167,16.24,37.44,23.02,1.948
Maize,147.21,14.0,55.88,29.44,3.714
Cotton,114.27,13.35,48.57,23.69,1.177
Rice,151.59,17.48,83.16,31.9,2.312
Soybean,171.32,15.28,59.16,18.64,2.456
Rice,242.4,16.49,76.46,25.82,3.493
Sugarcane,134.0,18.21,67.27,25.57,54.14
Barley,88.48,8.11,41.55,12.4,2.361
Wheat,86.65,10.72,46.36,18.82,2.234
Rice,203.44,18.83,85.54,25.51,4.004
Maize,104.85,11.7,52.61,29.8,5.002
Rice,315.16,17.99,77.05,22.35,3.313
Wheat,57.33,6.38,46.47,20.26,2.624
Sugarcane,159.91,18.53,76.22,29.65,73.73
Rice,317.3,20.01,80.87,21.99,3.758
Rice,235.07,18.6,76.44,22.51,3.864
Cotton,67.84,13.89,51.18,31.49,1.258
Cotton,142.91,14.32,63.1,23.65,1.337
Wheat,77.28,6.69,50.14,11.64,2.431
Cotton,92.79,17.71,39.53,27.19,2.491
Soybean,183.73,12.86,67.35,18.19,1.978
Sugarcane,270.59,14.76,84.34,24.77,57.668
Soybean,191.19,15.26,60.47,24.21,1.599
Sugarcane,130.63,15.53,66.58,28.67,55.796
Cotton,94.47,13.78,42.01,22.51,0.84
Cotton,108.23,14.88,53.83,32.48,2.158
Wheat,83.77,10.48,40.47,10.84,1.905
Cotton,81.18,13.32,40.59,31.36,1.305
Wheat,69.35,6.11,54.82,10.97,2.865
Barley,58.04,7.29,40.3,18.19,2.352
Barley,47.21,8.75,38.41,10.96,1.616
Soybean,158.79,16.44,54.22,29.62,2.276
Wheat,87.07,11.86,37.55,10.12,2.3
Soybean,172.62,13.9,72.44,28.89,1.685
Cotton,130.0,17.77,46.25,25.43,2.36
Barley,66.59,6.88,33.55,10.99,1.858
Wheat,56.59,10.06,49.14,23.01,2.067
Maize,103.22,12.14,53.6,24.25,4.899
Wheat,46.29,9.61,43.52,22.84,1.985
Maize,120.19,10.33,69.3,24.15,4.86
Rice,671.001291783181,20.01,85.2,29.15,5.276
Maize,154.11,11.82,64.55,27.19,4.417
Cotton,178.52,12.24,61.01,28.94,1.398
Cotton,173.31,14.85,60.86,32.13,1.039
Cotton,119.8,14.51,62.45,26.35,1.927
Barley,58.19,8.55,50.89,8.61,1.563
Rice,223.25,17.49,80.43,28.48,3.423
Barley,43.47,9.78,39.87,14.89,3.046
Soybean,184.82,12.42,55.29,26.83,1.832
Cotton,171.53,15.34,52.15,25.36,1.676
Wheat,80.2,10.0,54.43,22.07,2.473
Soybean,197.07,11.39,70.55,25.76,2.568
Soybean,166.11,15.66,66.84,25.37,3.572
Soybean,196.16,16.49,54.17,19.45,1.469
Soybean,163.0,15.77,54.08,19.25,1.782
Barley,60.02,7.41,49.58,21.48,1.488
Maize,115.81,12.72,51.97,29.51,2.98
Maize,115.4,11.87,55.69,25.74,5.963
Maize,120.75,11.57,62.37,24.81,6.166
Wheat,42.52,7.05,56.67,13.95,2.752
Rice,217.49,18.68,80.01,26.19,6.115
Cotton,179.16,12.44,51.62,33.63,1.349
Wheat,108.68,7.14,54.81,22.71,2.789
Rice,296.8,19.53,74.38,23.43,2.917
Cotton,86.86,15.22,52.79,28.96,1.102
Sugarcane,224.04,17.39,81.47,23.41,66.963
Soybean,146.95,12.83,52.16,18.02,2.225
Barley,64.07,5.43,53.85,11.13,3.048
Wheat,107.77,8.68,47.54,13.45,2.229
Cotton,81.29,16.5,59.21,33.89,1.347
Maize,133.36,11.3,54.17,22.69,5.966
Barley,61.43,7.3,49.87,14.39,1.927
Sugarcane,136.21,19.53,81.32,31.3,52.754
Rice,220.75,18.89,65.48,23.12,5.009
Cotton,167.05,15.79,58.84,28.03,1.571
Maize,152.66,13.9,47.59,22.82,4.742
Sugarcane,260.04,19.07,73.14,30.3,59.778
Barley,65.6,6.19,45.04,8.85,1.964
Soybean,145.38,12.62,67.56,25.91,3.849
Maize,142.79,15.25,52.56,28.3,4.835
Cotton,152.45,16.1,48.38,25.28,1.911
Soybean,173.68,16.46,59.57,25.57,2.444
Wheat,102.59,11.68,57.31,15.87,3.021
Maize,135.72,12.19,61.02,23.59,4.033
Maize,147.53,15.2,45.25,27.34,3.869
Sugarcane,235.66,15.32,69.71,32.39,63.642
Maize,111.27,13.39,61.58,26.15,6.881
Rice,289.83,20.82,78.81,26.24,2.867
Maize,138.08,12.84,50.64,25.4,2.939
Wheat,97.03,9.67,44.34,13.57,1.591
Cotton,172.6,13.09,36.99,30.89,1.463
Rice,301.62,18.6,87.75,24.53,4.846
Sugarcane,116.79,18.43,84.0,30.14,61.087
Soybean,175.27,13.92,58.35,19.28,1.883
Wheat,96.07,6.63,49.42,16.5,1.939
Sugarcane,166.09,14.11,62.51,27.95,76.596
Cotton,112.5,17.42,45.45,28.17,2.53
Maize,138.57,15.36,55.82,24.43,4.901
Barley,74.27,5.73,31.97,15.38,2.433
Sugarcane,169.11,18.42,71.9,23.47,83.054
Maize,128.39,12.51,56.45,21.08,5.315
Wheat,65.98,11.52,49.61,17.54,2.569
Cotton,147.48,16.63,37.22,26.3,1.204
Rice,279.51,18.32,77.78,25.91,4.77
Rice,228.45,19.82,81.48,30.74,4.286
Soybean,121.48,15.85,56.16,18.76,1.796
Maize,134.99,10.24,55.14,24.2,5.223
Barley,91.13,9.64,34.22,19.51,2.268
Sugarcane,232.43,15.27,63.63,25.8,76.509
Maize,154.68,10.75,66.88,29.65,2.897
Maize,95.11,12.43,69.97,18.66,4.512
Cotton,125.03,17.24,56.97,31.68,1.924
Soybean,117.88,11.75,66.39,18.48,2.648
Barley,67.52,7.15,36.94,17.0,3.054
Rice,263.81,21.96,81.55,26.69,4.783
Rice,304.04,17.66,89.59,21.69,2.551
Sugarcane,190.79,16.79,66.33,28.06,55.579
Soybean,83.1,12.33,69.51,20.41,1.388
Wheat,52.02,9.0,45.3,22.19,2.725
Soybean,88.77,12.64,74.5,25.16,2.978
Maize,151.85,11.14,65.53,24.54,2.985
Sugarcane,267.78,18.32,79.14,23.1,50.676
Maize,158.82,14.53,51.22,24.46,5.681
Sugarcane,225.16,14.63,76.62,25.43,52.187
Wheat,52.84,11.13,57.06,16.53,1.987
Cotton,175.49,13.51,49.92,25.61,1.18
Rice,301.69,17.11,66.97,22.87,4.258
Sugarcane,169.8,15.72,66.71,32.33,43.099
Rice,163.5,20.39,69.69,30.3,4.578
Rice,238.05,18.09,74.29,20.02,3.14
Wheat,56.45,10.23,55.43,17.65,3.882
Cotton,169.08,13.08,42.13,33.66,0.903
Soybean,110.28,16.49,56.64,28.75,1.436
Barley,40.7,7.35,47.83,17.23,2.074
Soybean,83.52,14.71,62.74,24.55,2.257
Sugarcane,183.19,17.29,83.73,33.98,49.816
Cotton,101.48,17.38,49.22,30.01,1.306
Soybean,173.95,13.66,62.13,27.33,1.9
Soybean,147.43,15.45,66.55,22.27,3.621
Soybean,141.38,16.51,72.6,19.88,2.31
Maize,107.27,15.75,58.53,25.26,4.293
Sugarcane,141.0,17.5,69.29,27.39,64.18
Soybean,173.68,13.34,64.46,28.94,2.278
Cotton,102.68,16.31,43.91,28.8,1.683
Soybean,104.71,12.93,61.64,29.32,2.719
Sugarcane,203.59,16.54,72.87,24.05,67.84
Sugarcane,123.79,16.26,76.81,31.39,56.707
Maize,101.65,15.46,59.22,27.15,4.665
Wheat,60.4,7.25,40.95,22.72,2.606
Maize,76.95,11.02,48.17,19.48,3.955
Barley,69.44,6.74,45.72,9.65,2.503
Wheat,58.72,6.09,59.13,13.51,3.193
Wheat,44.69,11.85,55.42,21.94,2.835
Barley,87.38,6.68,34.79,15.06,2.803
Maize,146.28,11.09,55.76,19.99,4.508
Wheat,56.91,8.13,37.63,13.11,2.288
Wheat,42.82,9.53,44.94,23.63,2.256
Barley,91.35,8.76,46.73,9.77,2.62
Sugarcane,151.02,18.12,76.86,24.66,41.314
Maize,100.77,12.6,66.21,22.36,5.959
Cotton,482.82443428146973,15.14,45.76,32.53,1.395
Maize,128.12,13.06,48.0,21.74,5.698
Soybean,114.22,15.76,72.64,29.7,1.819
Maize,130.9,12.18,68.45,21.31,4.327
Cotton,172.78,15.77,45.05,23.67,1.676
Wheat,107.57,6.3,57.26,18.08,2.423
Sugarcane,141.73,18.79,74.08,22.07,47.975
Wheat,69.83,10.99,55.14,13.14,2.218
Rice,217.08,18.53,75.28,30.89,4.291
Rice,258.97,20.93,68.31,30.34,5.81
Wheat,69.85,9.29,39.37,14.14,3.153
Soybean,195.17,16.11,71.59,22.88,2.789
Maize,131.48,15.6,59.39,19.51,4.398
Maize,101.81,11.89,57.28,21.85,3.417
Cotton,94.38,15.54,35.92,22.45,1.694
Sugarcane,179.42,14.39,80.63,23.51,80.497
Soybean,88.7,15.22,60.06,29.04,2.352
Maize,110.17,14.36,62.32,29.85,3.729
Maize,77.87,12.26,55.34,18.48,2.718
Sugarcane,201.28,19.67,64.89,29.7,74.574
Cotton,83.96,15.09,52.77,22.56,1.45
Soybean,191.4,11.39,63.74,25.09,2.858
Sugarcane,209.08,14.54,83.98,30.59,80.545
Rice,211.22,16.53,88.42,26.65,3.665
Barley,69.28,5.85,30.02,19.34,1.742
Sugarcane,258.14,15.81,76.26,25.95,51.851
Wheat,58.17,8.62,49.84,11.02,2.653
Soybean,181.1,14.01,74.54,19.17,1.714
Soybean,80.46,12.43,73.46,20.05,1.514
Maize,107.74,14.21,55.27,24.06,3.575
Sugarcane,248.89,16.55,66.89,25.18,50.984
Rice,226.26,20.33,87.15,27.12,4.619
Barley,81.84,8.0,52.35,20.88,1.449
Rice,154.45,16.15,85.79,23.28,3.176
Cotton,126.5,15.91,59.89,24.48,1.089
Barley,95.61,10.68,39.23,9.9,1.797
Wheat,52.97,7.67,40.47,12.56,3.039
Cotton,63.04,17.78,60.08,30.35,1.286
Barley,45.84,5.28,49.49,11.54,2.641
Maize,89.26,11.7,55.01,27.74,2.918
Maize,109.11,15.22,49.52,29.37,3.364
Barley,89.27,10.06,37.58,14.01,6.159294055829083
Barley,39.32,10.94,30.98,17.17,1.726
Wheat,53.67,8.07,43.39,23.7,3.039
Soybean,145.29,14.31,58.91,23.37,3.955
Wheat,43.15,10.4,43.53,16.7,3.359
Rice,236.77,19.76,88.16,20.23,4.129
Wheat,51.3,6.5,35.48,12.32,10.675127733357016
Rice,155.71,16.38,87.66,21.67,2.883
Cotton,73.21,13.37,47.81,31.82,1.894
Maize,84.64,14.41,50.22,18.7,4.194
Cotton,104.13,13.59,42.32,33.68,1.388
Soybean,83.19,15.41,65.64,24.97,2.533
Maize,139.22,12.55,59.14,18.25,2.503
Sugarcane,138.55,14.36,68.14,23.72,57.706
Rice,270.2,16.3,66.82,24.83,3.534
Soybean,132.53,12.86,69.05,29.23,3.344
Wheat,53.14,6.53,52.47,15.16,2.586
Maize,103.73,13.73,62.97,19.33,2.901
Soybean,187.83,16.38,67.14,28.31,1.487
Rice,193.62,21.78,77.09,29.67,3.669
Barley,85.6,5.79,45.02,8.48,5.655637212347973
Maize,153.35,10.97,69.15,20.47,4.9
Wheat,81.13,10.21,52.0,15.71,1.91
Cotton,139.64,17.62,56.98,24.58,1.062
Soybean,178.14,16.87,62.55,23.46,2.945
Maize,97.29,15.8,68.62,22.02,4.886
Wheat,64.21,10.03,55.14,23.25,2.182
Maize,121.93,12.07,65.08,24.48,3.714
Wheat,109.26,11.34,44.29,12.73,2.148
Sugarcane,221.71,18.21,78.02,30.74,46.238
Cotton,79.35,17.58,59.24,29.6,2.003
Cotton,170.7,16.24,39.58,28.92,1.707
Sugarcane,117.95,16.18,72.53,22.52,47.782
Soybean,177.91,13.27,52.21,22.11,3.185
Soybean,144.76,11.46,50.45,19.23,2.421
Sugarcane,223.07,14.12,78.39,27.84,81.436
Cotton,176.82,17.81,57.49,23.56,1.565
Barley,52.21,10.6,48.0,18.55,1.718
Soybean,90.85,16.69,56.46,22.05,2.158
Sugarcane,193.14,19.55,73.73,29.0,63.628
Barley,56.67,7.69,44.27,14.1,2.29
Wheat,52.08,9.41,42.41,23.14,2.756
Cotton,162.14,14.97,49.42,29.11,2.166
Rice,184.69,19.33,83.33,27.39,2.994
Wheat,87.1,6.49,58.79,21.74,2.916
Sugarcane,255.56,16.79,78.61,29.43,75.972
Barley,63.65,8.51,50.41,21.84,1.85
Barley,98.87,8.82,34.04,20.68,1.886
Wheat,54.44,8.35,57.39,12.86,2.346
Soybean,88.73,15.74,55.44,26.12,2.376
Wheat,60.3,11.23,51.82,21.15,2.221
Cotton,158.29,16.8,55.84,25.27,1.605
Barley,78.47,8.26,50.82,9.75,1.654
Cotton,168.91,13.5,47.31,31.07,1.1
Soybean,191.59,14.27,66.54,28.84,1.568
Sugarcane,252.05,16.51,71.02,29.61,71.287
Wheat,92.97,8.65,52.68,15.45,2.239
Wheat,50.03,10.29,42.33,17.36,3.043
Barley,49.37,6.61,50.08,8.62,2.845
Soybean,179.62,14.98,58.46,29.23,2.533
Sugarcane,102.75,15.32,67.05,27.32,47.149
Soybean,97.93,14.89,54.31,28.47,2.626
Sugarcane,230.07,15.23,68.45,27.64,58.358
Rice,224.39,17.53,86.02,20.46,4.693
Maize,145.52,13.3,48.83,26.74,4.098
Rice,308.76,17.9,77.68,20.5,2.131
Cotton,70.83,17.01,44.62,24.24,0.983
Rice,264.6,17.56,73.63,31.01,3.444
Sugarcane,167.67,17.21,81.91,32.95,47.421
Rice,225.44,21.21,69.43,28.31,5.233
Cotton,146.69,13.68,35.73,29.75,1.221
Maize,105.38,10.84,45.27,24.53,6.581
Soybean,186.59,13.76,65.17,20.26,2.479
Wheat,88.62,10.37,56.54,13.84,3.306
Barley,86.86,10.53,54.46,8.15,2.121
Sugarcane,244.78,19.4,75.59,22.07,38.845
Maize,123.61,10.48,68.49,27.06,4.755
Sugarcane,138.57,17.51,71.07,22.41,43.232
Wheat,58.77,8.17,45.21,19.52,1.731
Sugarcane,105.91,16.81,76.17,31.96,40.579
Barley,45.71,9.13,42.86,10.8,1.687
Barley,78.55,5.0,50.15,9.11,1.627
Barley,76.07,6.54,53.72,10.38,3.034
Sugarcane,189.25,18.39,62.19,30.02,83.322
Maize,105.43,12.84,66.36,22.08,6.32
Cotton,143.07,17.1,42.49,27.87,1.452
Soybean,157.42,11.1,74.01,18.54,1.802
Barley,43.72,8.87,38.49,17.91,2.273
Maize,71.44,15.78,54.42,25.24,2.794
Barley,39.28,6.15,40.19,21.12,1.419
Maize,152.36,10.94,63.79,24.82,3.962
Soybean,116.19,12.13,57.59,19.12,1.804
Cotton,79.95,16.43,37.48,29.24,1.135
Sugarcane,179.03,14.27,83.0,27.64,55.051
Wheat,82.74,6.96,51.84,12.51,3.378
Barley,72.17,10.44,33.06,15.48,3.253
Barley,89.09,7.96,32.96,8.19,1.707
Barley,98.29,8.98,40.21,11.93,2.14
Cotton,75.31,13.7,45.89,29.75,1.78
Wheat,52.14,8.28,55.04,15.49,3.183
Sugarcane,175.31,18.28,81.53,23.86,68.433
Barley,50.71,7.9,52.17,13.3,2.691
Cotton,150.94,12.09,38.48,22.55,0.811
Cotton,169.73,14.51,46.49,28.23,1.032
Rice,174.28,20.52,84.22,27.9,4.724
Sugarcane,175.46,15.16,67.12,28.06,76.437
Cotton,164.52,16.28,59.05,26.07,1.97
Sugarcane,227.76,19.7,66.12,30.95,65.505
Barley,78.34,6.71,44.64,16.21,2.3
Sugarcane,156.9,16.55,67.73,25.37,80.144
Cotton,131.75,17.53,37.65,24.35,0.986
Soybean,135.29,12.72,56.19,25.74,3.135
Sugarcane,199.75,17.35,77.68,24.13,56.659
Soybean,156.72,13.03,72.67,25.05,2.182
Wheat,95.13,7.51,49.1,15.02,2.81
Rice,318.51,16.77,67.6,28.69,3.788
Soybean,184.36,16.34,61.23,23.51,1.867
Sugarcane,255.24,19.77,66.17,27.4,45.947
Soybean,140.5,12.94,56.45,23.57,2.201
Sugarcane,158.38,18.3,63.39,25.5,49.775
Wheat,57.58,11.07,47.1,17.2,2.376
Rice,205.27,20.12,66.74,22.1,4.602
Sugarcane,249.14,18.73,66.48,30.5,49.731
Rice,171.71,20.96,84.55,28.5,2.245
Cotton,76.43,17.4,61.22,29.17,1.61
Wheat,95.03,10.41,44.61,10.35,2.817
Wheat,42.43,8.35,52.43,12.71,2.526
Sugarcane,168.25,16.04,75.52,32.69,59.495
Sugarcane,124.88,16.39,84.5,24.71,64.586
Wheat,75.03,10.15,52.43,19.08,2.588
Soybean,155.56,13.5,54.16,29.83,2.814
Wheat,89.46,9.66,42.82,13.8,2.788
Sugarcane,190.85,14.9,62.6,23.48,48.675
Barley,65.6,9.24,53.52,12.61,1.576
Cotton,167.35,16.8,47.76,22.27,1.232
Rice,265.06,20.97,72.37,20.17,4.336
Soybean,192.38,15.95,69.78,20.41,2.559
Sugarcane,247.44,17.28,61.02,25.78,58.6
Wheat,87.35,10.08,58.65,14.14,1.707
Wheat,99.39,8.54,42.57,14.55,3.038
Cotton,135.82,13.56,54.02,28.48,2.292
Barley,46.47,9.88,43.54,9.84,1.776
Barley,95.94,8.18,45.37,14.75,1.61
Wheat,55.86,9.68,41.32,18.09,2.465
Cotton,167.12,16.9,45.25,25.11,1.466
Maize,115.7,10.83,69.57,21.0,3.666
Soybean,176.22,13.8,59.04,19.3,2.953
Cotton,161.37,16.57,53.79,23.57,0.932
Soybean,89.77,13.61,57.32,24.55,1.756
Rice,186.58,16.07,71.03,31.71,3.791
Rice,190.92,16.73,69.94,30.64,3.986
Sugarcane,172.64,14.82,72.67,23.52,67.67
Rice,266.91,20.34,82.31,21.61,3.465
Cotton,101.05,16.93,38.32,32.16,1.191
Barley,81.44,10.5,47.64,17.4,1.992
Cotton,153.58,12.24,49.42,23.26,1.339
Maize,75.26,11.8,56.86,20.02,10.683697463451777
Rice,157.38,19.8,88.79,27.22,4.429
Sugarcane,206.17,15.2,67.18,23.94,54.937
Sugarcane,193.09,16.22,78.52,31.41,83.852
Barley,63.76,5.28,43.6,12.74,2.476
Rice,215.32,16.23,65.77,24.66,2.933
Sugarcane,176.75,17.22,60.56,27.33,80.979
Maize,151.86,10.04,65.27,29.38,2.499
Cotton,131.15,12.98,46.73,33.63,1.264
Wheat,102.7,7.78,40.75,15.76,1.952
Cotton,144.97,12.12,64.1,31.99,1.291
Cotton,90.56,16.09,57.81,29.15,1.489
Maize,90.41,14.0,47.0,23.3,3.385
Sugarcane,111.58,16.41,60.59,25.95,59.662
Soybean,99.16,15.74,65.41,18.54,2.368
Sugarcane,141.68,15.09,80.26,23.62,51.567
Barley,67.16,9.45,49.26,14.99,2.455
Sugarcane,123.35,16.72,72.67,30.25,59.528
Wheat,51.6,8.67,40.23,10.7,2.762
Barley,61.65,7.89,31.76,11.89,2.082
Barley,70.73,10.33,32.62,19.52,1.675
Maize,70.0,14.27,53.91,21.05,2.461
Sugarcane,257.73,14.11,78.31,33.2,58.499
Barley,61.01,5.9,42.59,19.22,2.101
Sugarcane,221.97,15.04,68.61,22.74,51.718
Rice,173.01,20.51,81.42,31.48,2.056
Wheat,102.29,11.95,42.35,12.94,2.879
Maize,140.42,15.96,51.02,28.49,4.539
Barley,64.31,5.6,47.69,8.44,2.972
Soybean,125.28,12.55,56.09,23.49,3.53
Wheat,48.43,11.63,39.53,18.72,2.088
Wheat,80.18,8.36,35.72,18.17,1.793
Barley,78.16,6.53,33.18,8.82,1.752
Barley,45.29,7.73,45.14,17.69,1.98
Sugarcane,270.83,18.66,67.14,32.13,50.621
Barley,89.55,5.19,53.5,20.49,2.312
Sugarcane,127.61,18.4,60.01,29.15,69.576
Sugarcane,193.94,17.98,69.53,30.63,59.138
Sugarcane,199.67,19.92,78.31,31.32,90.081
Maize,150.82,13.15,62.68,21.03,3.179
Wheat,60.26,8.81,50.48,15.76,2.684
Soybean,89.78,12.16,73.77,22.9,2.408
Wheat,101.67,11.3,51.48,12.96,2.947
Maize,149.49,12.49,54.68,25.92,3.942
Wheat,55.44,7.31,56.85,13.5,1.942
Barley,84.61,5.82,35.72,20.35,1.28
Barley,59.79,5.85,45.62,18.2,3.145
Barley,62.03,7.82,39.19,9.41,2.116
Wheat,66.28,10.82,45.84,23.96,2.359
Soybean,163.94,13.47,53.46,25.99,2.95
Wheat,103.07,11.98,55.64,21.83,1.725
Barley,56.9,8.42,51.53,9.1,1.449
Maize,131.12,13.79,51.76,20.99,6.325
Sugarcane,140.94,15.03,76.69,29.31,69.486
Wheat,69.59,8.08,44.94,13.7,1.958
Cotton,103.71,15.02,55.71,22.47,1.872
Soybean,105.12,11.24,68.53,27.93,3.172
Wheat,49.08,7.54,43.88,19.44,1.543
Barley,73.79,7.02,36.56,9.71,1.993
Maize,147.27,10.79,62.63,26.9,4.834
Maize,148.04,11.46,69.17,29.5,2.849
Soybean,197.9,16.47,60.98,18.48,1.629
Soybean,130.92,15.29,65.09,21.59,2.561
Cotton,136.37,16.24,35.95,33.23,1.089
Rice,230.84,19.26,70.69,31.57,5.159
Maize,113.43,11.3,69.18,26.58,6.443
Maize,82.04,15.72,46.82,20.39,3.703
Rice,279.97,19.44,88.9,22.41,2.627
Maize,79.61,15.72,46.51,21.57,3.237
Sugarcane,271.71,18.89,82.6,22.19,61.455
Barley,95.07,5.15,44.54,15.69,1.703
Soybean,132.33,11.94,73.69,27.2,2.499
Wheat,87.07,10.96,51.83,21.54,2.456
Wheat,105.28,6.71,58.34,19.57,2.433
Soybean,98.86,16.77,62.96,18.87,2.481
Maize,125.39,10.49,47.19,20.06,5.068
Maize,122.36,12.41,53.45,19.52,4.011
Cotton,134.19,14.21,48.88,30.97,1.119
Maize,153.71,13.17,51.47,18.63,4.016
Rice,162.29,21.73,78.06,23.59,2.668
Wheat,104.9,6.63,54.11,15.74,2.642
Soybean,169.45,13.27,57.57,23.51,2.976
Soybean,192.39,12.85,71.74,27.17,1.711
Soybean,86.8,11.72,64.52,29.15,1.997
Maize,91.37,11.8,61.07,25.21,5.191
Cotton,92.28,16.79,44.31,27.46,1.042
Cotton,120.26,15.57,37.01,31.0,1.354
Soybean,112.48,13.22,64.22,28.58,3.144
Cotton,162.14,13.9,40.08,28.68,2.237
Soybean,134.98,16.67,66.84,18.78,8.497181731484053
Rice,310.58,20.1,77.43,27.41,4.464
Rice,202.07,20.73,76.16,29.58,4.263
Rice,179.6,16.59,81.51,29.17,3.152
Rice,165.18,20.12,77.35,24.65,4.202
Rice,246.79,19.72,70.03,24.74,3.101
Wheat,89.44,9.74,59.75,14.37,2.371
Barley,70.42,6.7,53.71,19.79,2.546
Soybean,136.09,12.71,74.04,21.75,1.988
Wheat,78.93,10.68,35.41,21.46,1.812
Barley,93.18,10.83,51.48,9.54,2.476
Sugarcane,139.87,16.78,71.76,32.48,65.199
Wheat,98.53,10.93,56.08,16.79,2.324
Cotton,98.41,17.37,46.68,22.13,1.896
Cotton,151.29,15.37,58.13,27.93,1.74
Barley,58.63,6.3,46.74,21.59,1.465
Soybean,96.2,12.78,64.31,23.3,2.301
Wheat,46.48,10.49,57.86,16.08,2.29
Rice,248.97,18.23,80.03,28.47,4.716
Cotton,124.95,17.78,45.26,29.59,2.43
Maize,143.7,12.02,65.69,18.01,3.11
Cotton,169.48,13.26,53.69,29.58,1.839
Maize,136.75,14.83,66.13,22.74,3.277
Soybean,135.16,12.34,73.34,22.14,2.291
Maize,112.7,12.0,59.48,28.67,4.955
Rice,300.01,20.82,77.63,31.61,3.061
Maize,116.23,11.73,45.16,23.95,4.239
Rice,228.29,21.05,83.21,29.32,4.556
Soybean,80.88,14.11,50.94,24.83,2.961
Barley,94.97,8.41,39.09,18.59,1.653
Wheat,80.61,9.1,53.97,13.95,2.822
Sugarcane,268.54,14.11,70.94,22.26,40.438
Maize,93.62,12.53,46.0,23.39,4.934
Rice,280.02,17.05,77.56,24.78,2.952
Soybean,124.01,11.63,65.71,19.46,3.48
Cotton,117.59,15.6,43.75,30.34,2.248
Cotton,64.07,16.18,43.92,33.09,1.761
Maize,74.43,11.39,67.43,21.07,3.037
Rice,197.39,17.26,88.94,20.11,4.648
Maize,78.82,10.26,49.63,24.5,4.629
Barley,46.87,8.44,45.94,15.79,2.552
Wheat,79.44,10.82,38.43,18.13,2.998
Sugarcane,201.8,17.89,68.76,33.01,54.711
Soybean,143.61,11.17,56.17,23.52,3.451
Soybean,117.75,14.07,73.52,18.57,2.213
Sugarcane,122.38,15.29,61.61,28.89,71.488
Barley,53.97,6.04,39.48,20.75,2.348
Cotton,142.74,16.8,41.0,24.01,0.991
Cotton,99.05,16.48,54.49,32.19,1.679
Maize,82.71,14.58,47.72,29.78,3.289
Wheat,53.57,11.15,51.92,21.73,2.963
Sugarcane,229.13,19.66,73.19,28.48,68.242
Sugarcane,193.0,18.42,73.92,33.15,55.927
Sugarcane,172.69,15.29,68.9,25.41,52.307
Cotton,90.99,14.75,64.4,27.91,1.603
Sugarcane,249.08,15.02,82.44,29.87,75.227
Soybean,109.36,13.53,70.97,28.53,1.984
Wheat,54.74,10.85,38.67,14.8,2.898
Sugarcane,197.71,17.18,68.69,28.25,81.949
Maize,139.77,12.06,60.69,20.3,3.178
Rice,307.6,16.36,88.36,24.22,2.643
Cotton,136.51,17.32,49.17,23.44,1.742
Rice,286.45,18.75,77.07,21.6,2.507
Wheat,48.39,10.41,48.29,14.03,2.518
Rice,207.87,19.25,68.85,26.64,4.128
Barley,59.31,10.71,30.56,12.25,3.331
Cotton,164.96,15.17,63.17,31.59,2.199
Maize,111.12,12.85,54.65,29.6,4.787
Cotton,60.83,15.06,47.52,24.67,0.961
Wheat,63.12,9.39,56.26,12.82,3.717
Barley,74.86,10.21,46.55,14.08,2.838
Maize,153.65,11.23,64.95,26.86,2.852
Barley,38.71,10.36,43.25,17.37,2.386
Wheat,107.74,8.64,41.96,21.18,1.742
Sugarcane,223.65,15.76,74.0,25.61,48.31
Maize,120.93,15.45,54.91,21.56,3.591
Soybean,191.87,15.0,70.57,18.16,2.013
Cotton,129.86,14.08,53.63,22.55,2.066
Soybean,166.72,12.92,72.65,19.52,1.953
Maize,104.8,10.31,54.94,24.14,4.978
Sugarcane,196.26,15.19,72.71,23.89,68.95
Wheat,56.07,6.71,39.13,10.03,2.622
Soybean,185.76,12.97,52.82,28.44,2.308
Wheat,43.62,9.03,52.96,22.08,1.658
Maize,95.88,13.23,58.33,22.87,4.146
Maize,80.13,12.45,67.16,18.57,5.157
Rice,317.92,16.82,82.38,24.85,3.597
Cotton,98.78,15.11,56.09,26.36,2.366
Sugarcane,180.98,19.15,83.92,27.99,100.556
Wheat,98.51,7.99,52.34,20.8,2.637
Barley,78.14,8.99,37.16,14.44,1.933
Rice,239.6,18.56,68.27,30.64,3.768
Soybean,194.27,11.3,53.75,24.45,2.625
Barley,63.63,10.41,48.77,14.84,2.946
Rice,303.01,16.7,88.9,23.77,4.591
Maize,117.92,13.39,60.01,20.0,4.144
Sugarcane,256.88,16.91,67.64,28.21,60.91
Sugarcane,209.62,15.73,64.01,28.53,71.549
Rice,209.15,18.7,83.72,27.81,4.536
Maize,146.85,10.08,57.79,27.23,5.437
Sugarcane,193.08,18.58,71.18,31.48,63.256
Cotton,100.02,14.39,51.12,33.04,1.451
Maize,81.31,11.74,50.97,20.56,4.268
Barley,64.16,8.23,46.59,18.98,2.323
Sugarcane,194.17,19.39,64.11,31.65,75.159
Cotton,108.42,12.8,35.86,31.06,1.865
Sugarcane,501.1844560850269,16.97,81.16,28.06,75.373
Rice,299.53,21.22,70.97,25.41,5.21
Barley,53.37,7.27,32.57,18.07,2.103
Wheat,94.64,9.5,58.81,10.59,1.675
Cotton,149.27,12.2,52.1,31.15,1.943
Soybean,123.84,16.05,63.87,28.82,3.366
Soybean,113.02,16.46,65.85,18.86,2.694
Barley,56.81,9.59,40.82,14.78,2.562
Barley,53.41,5.0,33.17,21.07,2.692
Maize,142.9,11.43,50.61,24.05,3.175
Sugarcane,172.32,19.45,75.95,31.23,64.475
Barley,87.17,6.48,52.49,20.75,2.993
